author_id,article_id,article_weight_department
AUTH001,ART00161,0.5
AUTH001,ART00171,0.5
AUTH001,ART00184,1
AUTH001,ART00205,1
AUTH001,ART00262,1
AUTH001,ART00264,1
AUTH001,ART00336,0.333333333333333
AUTH001,ART00415,0.5
AUTH001,ART00534,1
AUTH001,ART00537,1
AUTH001,ART00564,0.5
AUTH001,ART00577,0.5
AUTH001,ART00610,0.5
AUTH001,ART00694,1
AUTH001,ART00719,0.5
AUTH001,ART00725,0.5
AUTH001,ART00732,0.5
AUTH001,ART00757,1
AUTH001,ART00760,0.5
AUTH001,ART00800,0.333333333333333
AUTH001,ART00814,1
AUTH001,ART00865,1
AUTH001,ART00866,0.333333333333333
AUTH002,ART00057,1
AUTH002,ART00087,1
AUTH002,ART00094,1
AUTH002,ART00105,1
AUTH002,ART00113,1
AUTH002,ART00118,1
AUTH002,ART00157,1
AUTH002,ART00167,1
AUTH002,ART00180,1
AUTH002,ART00181,1
AUTH002,ART00192,1
AUTH002,ART00229,1
AUTH002,ART00254,1
AUTH002,ART00269,1
AUTH002,ART00302,1
AUTH002,ART00326,1
AUTH002,ART00333,1
AUTH002,ART00347,0.5
AUTH002,ART00453,1
AUTH002,ART00471,0.5
AUTH002,ART00472,1
AUTH002,ART00487,0.5
AUTH002,ART00528,0.5
AUTH002,ART00558,1
AUTH002,ART00580,0.5
AUTH002,ART00641,0.5
AUTH002,ART00687,1
AUTH002,ART00696,1
AUTH002,ART00721,0.5
AUTH002,ART00723,0.5
AUTH002,ART00750,1
AUTH002,ART00770,1
AUTH002,ART00797,1
AUTH003,ART00230,1
AUTH003,ART00232,1
AUTH003,ART00266,1
AUTH003,ART00356,1
AUTH003,ART00381,1
AUTH003,ART00389,0.5
AUTH003,ART00505,1
AUTH003,ART00508,1
AUTH003,ART00549,1
AUTH003,ART00569,0.333333333333333
AUTH003,ART00575,1
AUTH003,ART00594,1
AUTH003,ART00607,1
AUTH003,ART00617,0.5
AUTH003,ART00618,1
AUTH003,ART00635,1
AUTH003,ART00641,0.5
AUTH003,ART00650,0.5
AUTH003,ART00659,1
AUTH003,ART00662,1
AUTH003,ART00681,1
AUTH003,ART00723,0.5
AUTH003,ART00735,0.5
AUTH003,ART00768,1
AUTH003,ART00781,1
AUTH003,ART00826,0.333333333333333
AUTH003,ART00847,0.333333333333333
AUTH003,ART00854,1
AUTH003,ART00856,0.5
AUTH004,ART00037,1
AUTH004,ART00042,1
AUTH004,ART00043,1
AUTH004,ART00056,1
AUTH004,ART00060,1
AUTH004,ART00066,1
AUTH004,ART00071,1
AUTH004,ART00084,1
AUTH004,ART00088,1
AUTH004,ART00106,1
AUTH004,ART00117,1
AUTH004,ART00119,0.5
AUTH004,ART00129,0.5
AUTH004,ART00147,1
AUTH004,ART00155,1
AUTH004,ART00201,0.5
AUTH004,ART00204,1
AUTH004,ART00209,1
AUTH004,ART00263,1
AUTH004,ART00273,1
AUTH004,ART00274,0.5
AUTH004,ART00278,1
AUTH004,ART00281,1
AUTH004,ART00289,1
AUTH004,ART00331,0.333333333333333
AUTH004,ART00370,1
AUTH004,ART00403,1
AUTH004,ART00425,1
AUTH004,ART00428,1
AUTH004,ART00451,1
AUTH004,ART00469,1
AUTH004,ART00514,0.5
AUTH004,ART00576,1
AUTH004,ART00603,0.333333333333333
AUTH004,ART00690,1
AUTH004,ART00726,1
AUTH004,ART00739,1
AUTH004,ART00763,0.5
AUTH004,ART00801,0.333333333333333
AUTH004,ART00802,1
AUTH004,ART00821,1
AUTH004,ART00839,1
AUTH005,ART00033,1
AUTH005,ART00038,1
AUTH005,ART00040,1
AUTH005,ART00046,1
AUTH005,ART00097,1
AUTH005,ART00189,1
AUTH005,ART00197,1
AUTH005,ART00218,1
AUTH005,ART00221,1
AUTH005,ART00244,1
AUTH005,ART00271,1
AUTH005,ART00285,1
AUTH005,ART00286,1
AUTH005,ART00321,1
AUTH005,ART00323,1
AUTH005,ART00324,1
AUTH005,ART00392,1
AUTH005,ART00418,0.5
AUTH005,ART00447,0.5
AUTH005,ART00454,1
AUTH005,ART00456,1
AUTH005,ART00467,0.5
AUTH005,ART00471,0.5
AUTH005,ART00489,1
AUTH005,ART00517,1
AUTH005,ART00529,0.5
AUTH005,ART00539,1
AUTH005,ART00580,0.5
AUTH005,ART00636,1
AUTH005,ART00645,1
AUTH005,ART00674,1
AUTH005,ART00787,1
AUTH005,ART00804,1
AUTH006,ART00001,1
AUTH006,ART00004,1
AUTH006,ART00006,1
AUTH006,ART00008,1
AUTH006,ART00009,0.5
AUTH006,ART00011,1
AUTH006,ART00012,1
AUTH006,ART00014,1
AUTH006,ART00016,1
AUTH006,ART00017,0.5
AUTH006,ART00019,1
AUTH006,ART00021,0.5
AUTH006,ART00032,1
AUTH006,ART00034,1
AUTH006,ART00036,0.5
AUTH006,ART00051,1
AUTH006,ART00055,1
AUTH006,ART00059,1
AUTH006,ART00064,1
AUTH006,ART00065,1
AUTH006,ART00070,1
AUTH006,ART00079,1
AUTH006,ART00096,1
AUTH006,ART00103,1
AUTH006,ART00111,1
AUTH006,ART00121,1
AUTH006,ART00131,1
AUTH006,ART00137,1
AUTH006,ART00140,1
AUTH006,ART00153,1
AUTH006,ART00159,1
AUTH006,ART00164,1
AUTH006,ART00166,1
AUTH006,ART00173,1
AUTH006,ART00177,1
AUTH006,ART00187,1
AUTH006,ART00190,1
AUTH006,ART00193,1
AUTH006,ART00200,1
AUTH006,ART00207,1
AUTH006,ART00210,1
AUTH006,ART00212,1
AUTH006,ART00217,1
AUTH006,ART00220,1
AUTH006,ART00227,1
AUTH006,ART00228,1
AUTH006,ART00233,1
AUTH006,ART00239,1
AUTH006,ART00241,1
AUTH006,ART00243,1
AUTH006,ART00251,1
AUTH006,ART00253,1
AUTH006,ART00256,1
AUTH006,ART00260,1
AUTH006,ART00267,1
AUTH006,ART00268,1
AUTH006,ART00276,1
AUTH006,ART00292,1
AUTH006,ART00306,1
AUTH006,ART00320,1
AUTH006,ART00322,1
AUTH006,ART00325,1
AUTH006,ART00337,1
AUTH006,ART00338,0.5
AUTH006,ART00340,1
AUTH006,ART00346,1
AUTH006,ART00349,1
AUTH006,ART00357,1
AUTH006,ART00364,1
AUTH006,ART00371,1
AUTH006,ART00391,1
AUTH006,ART00404,1
AUTH006,ART00407,1
AUTH006,ART00410,1
AUTH006,ART00421,1
AUTH006,ART00430,1
AUTH006,ART00434,1
AUTH006,ART00437,1
AUTH006,ART00442,1
AUTH006,ART00461,1
AUTH006,ART00463,1
AUTH006,ART00478,1
AUTH006,ART00479,1
AUTH006,ART00480,1
AUTH006,ART00482,1
AUTH006,ART00488,1
AUTH006,ART00492,1
AUTH006,ART00494,1
AUTH006,ART00498,1
AUTH006,ART00515,1
AUTH006,ART00518,1
AUTH006,ART00520,1
AUTH006,ART00530,1
AUTH006,ART00554,1
AUTH006,ART00557,0.333333333333333
AUTH006,ART00562,1
AUTH006,ART00565,1
AUTH006,ART00567,0.333333333333333
AUTH006,ART00568,1
AUTH006,ART00583,1
AUTH006,ART00619,1
AUTH006,ART00631,1
AUTH006,ART00632,1
AUTH006,ART00633,1
AUTH006,ART00637,1
AUTH006,ART00644,1
AUTH006,ART00666,1
AUTH006,ART00680,1
AUTH006,ART00682,1
AUTH006,ART00686,1
AUTH006,ART00747,1
AUTH006,ART00748,1
AUTH006,ART00758,1
AUTH006,ART00759,1
AUTH006,ART00780,1
AUTH006,ART00784,1
AUTH006,ART00785,1
AUTH006,ART00790,1
AUTH006,ART00796,1
AUTH006,ART00805,1
AUTH006,ART00835,1
AUTH006,ART00852,1
AUTH007,ART00182,1
AUTH007,ART00261,1
AUTH007,ART00284,1
AUTH007,ART00330,1
AUTH007,ART00331,0.333333333333333
AUTH007,ART00365,1
AUTH007,ART00427,1
AUTH007,ART00438,1
AUTH007,ART00464,1
AUTH007,ART00634,1
AUTH007,ART00677,1
AUTH007,ART00689,1
AUTH007,ART00699,1
AUTH007,ART00711,0.333333333333333
AUTH007,ART00722,0.5
AUTH007,ART00778,1
AUTH007,ART00788,1
AUTH007,ART00801,0.333333333333333
AUTH007,ART00819,1
AUTH007,ART00829,1
AUTH008,ART00208,1
AUTH008,ART00355,1
AUTH008,ART00372,0.333333333333333
AUTH008,ART00467,0.5
AUTH008,ART00503,0.5
AUTH008,ART00542,0.5
AUTH008,ART00553,1
AUTH008,ART00608,1
AUTH008,ART00609,0.333333333333333
AUTH008,ART00713,0.333333333333333
AUTH008,ART00772,0.5
AUTH008,ART00826,0.333333333333333
AUTH008,ART00831,1
AUTH008,ART00858,1
AUTH008,ART00866,0.333333333333333
AUTH009,ART00050,1
AUTH009,ART00061,1
AUTH009,ART00073,1
AUTH009,ART00089,1
AUTH009,ART00092,1
AUTH009,ART00102,1
AUTH009,ART00119,0.5
AUTH009,ART00124,1
AUTH009,ART00126,1
AUTH009,ART00129,0.5
AUTH009,ART00134,1
AUTH009,ART00146,1
AUTH009,ART00168,1
AUTH009,ART00172,1
AUTH009,ART00186,1
AUTH009,ART00202,1
AUTH009,ART00236,1
AUTH009,ART00245,1
AUTH009,ART00300,0.5
AUTH009,ART00301,1
AUTH009,ART00304,1
AUTH009,ART00310,1
AUTH009,ART00331,0.333333333333333
AUTH009,ART00352,1
AUTH009,ART00384,1
AUTH009,ART00457,1
AUTH009,ART00501,1
AUTH009,ART00538,1
AUTH009,ART00621,1
AUTH009,ART00661,1
AUTH009,ART00714,1
AUTH009,ART00777,1
AUTH009,ART00843,1
AUTH010,ART00142,1
AUTH010,ART00275,1
AUTH010,ART00294,0.5
AUTH010,ART00317,1
AUTH010,ART00332,1
AUTH010,ART00344,1
AUTH010,ART00401,1
AUTH010,ART00416,1
AUTH010,ART00448,1
AUTH010,ART00540,1
AUTH010,ART00551,1
AUTH010,ART00571,1
AUTH010,ART00573,1
AUTH010,ART00647,1
AUTH010,ART00653,1
AUTH010,ART00656,1
AUTH010,ART00691,1
AUTH010,ART00693,1
AUTH010,ART00728,1
AUTH010,ART00753,0.5
AUTH010,ART00774,1
AUTH010,ART00823,1
AUTH011,ART00312,1
AUTH011,ART00350,1
AUTH011,ART00377,1
AUTH011,ART00393,0.333333333333333
AUTH011,ART00395,0.5
AUTH011,ART00455,1
AUTH011,ART00458,1
AUTH011,ART00475,0.5
AUTH011,ART00485,0.333333333333333
AUTH011,ART00563,0.5
AUTH011,ART00569,0.333333333333333
AUTH011,ART00612,0.5
AUTH011,ART00638,1
AUTH011,ART00650,0.5
AUTH011,ART00660,1
AUTH011,ART00671,1
AUTH011,ART00707,1
AUTH011,ART00713,0.333333333333333
AUTH011,ART00715,1
AUTH011,ART00735,0.5
AUTH011,ART00741,1
AUTH011,ART00773,1
AUTH011,ART00826,0.333333333333333
AUTH011,ART00847,0.333333333333333
AUTH011,ART00856,0.5
AUTH012,ART00206,1
AUTH012,ART00223,1
AUTH012,ART00224,1
AUTH012,ART00308,0.5
AUTH012,ART00336,0.333333333333333
AUTH012,ART00348,1
AUTH012,ART00393,0.333333333333333
AUTH012,ART00395,0.5
AUTH012,ART00413,1
AUTH012,ART00424,1
AUTH012,ART00426,1
AUTH012,ART00485,0.333333333333333
AUTH012,ART00506,1
AUTH012,ART00522,1
AUTH012,ART00544,1
AUTH012,ART00609,0.333333333333333
AUTH012,ART00704,0.5
AUTH012,ART00713,0.333333333333333
AUTH012,ART00752,1
AUTH013,ART00039,1
AUTH013,ART00074,1
AUTH013,ART00076,1
AUTH013,ART00085,1
AUTH013,ART00091,1
AUTH013,ART00108,0.5
AUTH013,ART00114,0.5
AUTH013,ART00125,1
AUTH013,ART00132,1
AUTH013,ART00145,0.5
AUTH013,ART00154,1
AUTH013,ART00175,1
AUTH013,ART00194,1
AUTH013,ART00237,1
AUTH013,ART00240,1
AUTH013,ART00249,1
AUTH013,ART00252,1
AUTH013,ART00294,0.5
AUTH013,ART00341,1
AUTH013,ART00363,1
AUTH013,ART00374,1
AUTH013,ART00378,1
AUTH013,ART00400,1
AUTH013,ART00405,1
AUTH013,ART00411,0.5
AUTH013,ART00423,1
AUTH013,ART00483,1
AUTH013,ART00495,1
AUTH013,ART00504,1
AUTH013,ART00532,1
AUTH013,ART00559,1
AUTH013,ART00596,1
AUTH013,ART00629,0.5
AUTH013,ART00658,1
AUTH013,ART00724,1
AUTH013,ART00737,1
AUTH013,ART00754,1
AUTH013,ART00817,1
AUTH013,ART00824,1
AUTH013,ART00834,0.5
AUTH014,ART00191,1
AUTH014,ART00329,1
AUTH014,ART00380,1
AUTH014,ART00412,1
AUTH014,ART00465,1
AUTH014,ART00521,1
AUTH014,ART00550,1
AUTH014,ART00652,1
AUTH014,ART00746,1
AUTH014,ART00776,1
AUTH014,ART00793,1
AUTH014,ART00845,1
AUTH015,ART00075,1
AUTH015,ART00082,1
AUTH015,ART00139,1
AUTH015,ART00144,1
AUTH015,ART00195,1
AUTH015,ART00369,1
AUTH015,ART00376,1
AUTH015,ART00433,1
AUTH015,ART00445,1
AUTH015,ART00762,0.5
AUTH015,ART00794,1
AUTH015,ART00811,1
AUTH015,ART00859,1
AUTH016,ART00299,1
AUTH016,ART00339,0.5
AUTH016,ART00385,1
AUTH016,ART00399,1
AUTH016,ART00414,0.5
AUTH016,ART00422,1
AUTH016,ART00429,1
AUTH016,ART00439,1
AUTH016,ART00440,0.5
AUTH016,ART00459,1
AUTH016,ART00460,1
AUTH016,ART00476,1
AUTH016,ART00502,1
AUTH016,ART00519,0.5
AUTH016,ART00535,1
AUTH016,ART00557,0.333333333333333
AUTH016,ART00567,0.333333333333333
AUTH016,ART00592,1
AUTH016,ART00595,1
AUTH016,ART00598,1
AUTH016,ART00606,1
AUTH016,ART00615,1
AUTH016,ART00620,1
AUTH016,ART00646,1
AUTH016,ART00655,1
AUTH016,ART00668,1
AUTH016,ART00669,1
AUTH016,ART00675,1
AUTH016,ART00701,1
AUTH016,ART00712,0.5
AUTH016,ART00716,1
AUTH016,ART00731,1
AUTH016,ART00743,1
AUTH016,ART00791,1
AUTH016,ART00792,1
AUTH016,ART00808,1
AUTH016,ART00837,0.5
AUTH016,ART00850,1
AUTH016,ART00851,0.5
AUTH016,ART00860,1
AUTH017,ART00015,1
AUTH017,ART00022,1
AUTH017,ART00024,1
AUTH017,ART00026,1
AUTH017,ART00028,1
AUTH017,ART00030,1
AUTH017,ART00031,1
AUTH017,ART00035,1
AUTH017,ART00044,1
AUTH017,ART00045,1
AUTH017,ART00049,1
AUTH017,ART00069,1
AUTH017,ART00083,0.5
AUTH017,ART00101,1
AUTH017,ART00162,1
AUTH017,ART00338,0.5
AUTH017,ART00339,0.5
AUTH017,ART00441,1
AUTH017,ART00490,1
AUTH017,ART00519,0.5
AUTH017,ART00557,0.333333333333333
AUTH017,ART00567,0.333333333333333
AUTH017,ART00589,1
AUTH017,ART00622,1
AUTH017,ART00678,1
AUTH017,ART00720,1
AUTH017,ART00803,1
AUTH017,ART00837,0.5
AUTH017,ART00848,1
AUTH017,ART00849,1
AUTH018,ART00257,1
AUTH018,ART00279,0.5
AUTH018,ART00290,1
AUTH018,ART00440,0.5
AUTH018,ART00446,1
AUTH018,ART00477,1
AUTH018,ART00496,1
AUTH018,ART00500,1
AUTH018,ART00545,0.5
AUTH018,ART00591,1
AUTH018,ART00601,1
AUTH018,ART00613,0.5
AUTH018,ART00711,0.333333333333333
AUTH018,ART00729,0.333333333333333
AUTH018,ART00765,1
AUTH018,ART00775,1
AUTH018,ART00779,1
AUTH018,ART00800,0.333333333333333
AUTH018,ART00807,1
AUTH018,ART00809,0.5
AUTH018,ART00840,1
AUTH018,ART00846,1
AUTH018,ART00851,0.5
AUTH018,ART00855,1
AUTH019,ART00013,1
AUTH019,ART00027,1
AUTH019,ART00041,1
AUTH019,ART00048,1
AUTH019,ART00058,1
AUTH019,ART00077,1
AUTH019,ART00083,0.5
AUTH019,ART00086,1
AUTH019,ART00099,1
AUTH019,ART00100,1
AUTH019,ART00120,1
AUTH019,ART00183,1
AUTH019,ART00198,1
AUTH019,ART00250,1
AUTH019,ART00265,1
AUTH019,ART00277,1
AUTH019,ART00296,1
AUTH019,ART00303,1
AUTH019,ART00347,0.5
AUTH019,ART00372,0.333333333333333
AUTH019,ART00396,1
AUTH019,ART00419,1
AUTH019,ART00452,1
AUTH019,ART00473,1
AUTH019,ART00486,1
AUTH019,ART00487,0.5
AUTH019,ART00491,1
AUTH019,ART00516,1
AUTH019,ART00528,0.5
AUTH019,ART00572,1
AUTH019,ART00611,1
AUTH019,ART00630,1
AUTH019,ART00657,1
AUTH019,ART00688,1
AUTH019,ART00692,1
AUTH019,ART00703,1
AUTH019,ART00769,1
AUTH020,ART00025,1
AUTH020,ART00053,1
AUTH020,ART00062,1
AUTH020,ART00063,1
AUTH020,ART00161,0.5
AUTH020,ART00169,1
AUTH020,ART00171,0.5
AUTH020,ART00246,1
AUTH020,ART00305,1
AUTH020,ART00308,0.5
AUTH020,ART00315,1
AUTH020,ART00328,1
AUTH020,ART00336,0.333333333333333
AUTH020,ART00360,1
AUTH020,ART00415,0.5
AUTH020,ART00449,1
AUTH020,ART00510,1
AUTH020,ART00533,1
AUTH020,ART00609,0.333333333333333
AUTH020,ART00673,1
AUTH020,ART00706,1
AUTH020,ART00740,1
AUTH020,ART00742,1
AUTH020,ART00816,1
AUTH021,ART00093,1
AUTH021,ART00351,1
AUTH021,ART00353,1
AUTH021,ART00389,0.5
AUTH021,ART00523,1
AUTH021,ART00581,1
AUTH021,ART00649,1
AUTH021,ART00665,1
AUTH021,ART00667,1
AUTH021,ART00751,1
AUTH021,ART00795,1
AUTH021,ART00828,1
AUTH022,ART00052,1
AUTH022,ART00068,1
AUTH022,ART00078,1
AUTH022,ART00090,1
AUTH022,ART00174,1
AUTH022,ART00199,1
AUTH022,ART00279,0.5
AUTH022,ART00291,1
AUTH022,ART00386,1
AUTH022,ART00398,1
AUTH022,ART00466,1
AUTH022,ART00493,1
AUTH022,ART00514,0.5
AUTH022,ART00593,1
AUTH022,ART00603,0.333333333333333
AUTH022,ART00613,0.5
AUTH022,ART00727,1
AUTH022,ART00729,0.333333333333333
AUTH022,ART00809,0.5
AUTH023,ART00138,1
AUTH023,ART00188,1
AUTH023,ART00216,1
AUTH023,ART00300,0.5
AUTH023,ART00311,1
AUTH023,ART00358,1
AUTH023,ART00397,1
AUTH023,ART00468,1
AUTH023,ART00541,1
AUTH023,ART00556,1
AUTH023,ART00616,0.5
AUTH023,ART00670,1
AUTH023,ART00672,1
AUTH023,ART00684,1
AUTH023,ART00698,1
AUTH023,ART00700,1
AUTH023,ART00708,1
AUTH023,ART00762,0.5
AUTH023,ART00812,1
AUTH023,ART00813,1
AUTH023,ART00815,0.5
AUTH023,ART00853,0.5
AUTH023,ART00857,1
AUTH024,ART00270,1
AUTH024,ART00359,1
AUTH024,ART00379,1
AUTH024,ART00402,1
AUTH024,ART00507,1
AUTH024,ART00584,1
AUTH024,ART00586,1
AUTH024,ART00599,1
AUTH024,ART00604,0.5
AUTH024,ART00623,1
AUTH024,ART00639,1
AUTH024,ART00710,0.5
AUTH024,ART00730,1
AUTH024,ART00782,1
AUTH024,ART00822,1
AUTH025,ART00002,1
AUTH025,ART00003,1
AUTH025,ART00005,1
AUTH025,ART00007,1
AUTH025,ART00009,0.5
AUTH025,ART00010,1
AUTH025,ART00017,0.5
AUTH025,ART00018,1
AUTH025,ART00020,1
AUTH025,ART00021,0.5
AUTH025,ART00029,1
AUTH025,ART00036,0.5
AUTH025,ART00054,1
AUTH025,ART00067,1
AUTH025,ART00072,1
AUTH025,ART00080,1
AUTH025,ART00122,1
AUTH025,ART00185,1
AUTH025,ART00238,1
AUTH025,ART00255,1
AUTH025,ART00293,1
AUTH025,ART00307,1
AUTH025,ART00342,1
AUTH025,ART00343,1
AUTH025,ART00388,1
AUTH025,ART00390,1
AUTH025,ART00420,1
AUTH025,ART00497,1
AUTH025,ART00512,1
AUTH025,ART00531,1
AUTH025,ART00543,1
AUTH025,ART00547,1
AUTH025,ART00548,1
AUTH025,ART00624,1
AUTH025,ART00627,1
AUTH025,ART00733,1
AUTH025,ART00761,1
AUTH026,ART00282,1
AUTH026,ART00367,1
AUTH026,ART00411,0.5
AUTH026,ART00432,1
AUTH026,ART00470,1
AUTH026,ART00555,1
AUTH026,ART00616,0.5
AUTH026,ART00712,0.5
AUTH026,ART00786,1
AUTH026,ART00815,0.5
AUTH026,ART00818,1
AUTH026,ART00825,1
AUTH026,ART00830,0.5
AUTH026,ART00834,0.5
AUTH026,ART00853,0.5
AUTH026,ART00864,1
AUTH027,ART00545,0.5
AUTH027,ART00578,0.5
AUTH027,ART00588,1
AUTH027,ART00603,0.333333333333333
AUTH027,ART00626,1
AUTH027,ART00710,0.5
AUTH027,ART00711,0.333333333333333
AUTH027,ART00729,0.333333333333333
AUTH027,ART00749,0.5
AUTH027,ART00801,0.333333333333333
AUTH028,ART00225,1
AUTH028,ART00298,1
AUTH028,ART00327,1
AUTH028,ART00383,1
AUTH028,ART00417,1
AUTH028,ART00431,1
AUTH028,ART00444,1
AUTH028,ART00450,1
AUTH028,ART00509,1
AUTH028,ART00511,1
AUTH028,ART00524,1
AUTH028,ART00536,1
AUTH028,ART00570,1
AUTH028,ART00585,1
AUTH028,ART00640,1
AUTH028,ART00648,1
AUTH028,ART00651,1
AUTH028,ART00676,1
AUTH028,ART00679,1
AUTH028,ART00702,1
AUTH028,ART00717,1
AUTH028,ART00718,1
AUTH028,ART00738,1
AUTH028,ART00744,1
AUTH028,ART00755,1
AUTH028,ART00764,1
AUTH028,ART00830,0.5
AUTH028,ART00832,1
AUTH028,ART00838,1
AUTH028,ART00863,1
AUTH029,ART00116,1
AUTH029,ART00127,1
AUTH029,ART00165,1
AUTH029,ART00176,1
AUTH029,ART00201,0.5
AUTH029,ART00234,1
AUTH029,ART00235,1
AUTH029,ART00319,1
AUTH029,ART00408,1
AUTH029,ART00409,1
AUTH029,ART00436,1
AUTH029,ART00462,1
AUTH029,ART00503,0.5
AUTH029,ART00542,0.5
AUTH029,ART00643,1
AUTH029,ART00654,1
AUTH029,ART00772,0.5
AUTH029,ART00841,1
AUTH030,ART00179,1
AUTH030,ART00211,1
AUTH030,ART00214,1
AUTH030,ART00215,1
AUTH030,ART00222,1
AUTH030,ART00259,0.5
AUTH030,ART00274,0.5
AUTH030,ART00280,1
AUTH030,ART00288,1
AUTH030,ART00318,1
AUTH030,ART00382,1
AUTH030,ART00435,1
AUTH030,ART00499,1
AUTH030,ART00564,0.5
AUTH030,ART00566,1
AUTH030,ART00577,0.5
AUTH030,ART00578,0.5
AUTH030,ART00610,0.5
AUTH030,ART00719,0.5
AUTH030,ART00725,0.5
AUTH030,ART00732,0.5
AUTH030,ART00749,0.5
AUTH030,ART00760,0.5
AUTH030,ART00800,0.333333333333333
AUTH030,ART00866,0.333333333333333
AUTH031,ART00095,1
AUTH031,ART00098,1
AUTH031,ART00108,0.5
AUTH031,ART00109,1
AUTH031,ART00110,1
AUTH031,ART00114,0.5
AUTH031,ART00115,1
AUTH031,ART00133,1
AUTH031,ART00135,1
AUTH031,ART00136,1
AUTH031,ART00141,1
AUTH031,ART00145,0.5
AUTH031,ART00149,1
AUTH031,ART00152,1
AUTH031,ART00156,1
AUTH031,ART00158,1
AUTH031,ART00203,1
AUTH031,ART00213,1
AUTH031,ART00219,1
AUTH031,ART00231,1
AUTH031,ART00272,1
AUTH031,ART00287,1
AUTH031,ART00295,1
AUTH031,ART00309,1
AUTH031,ART00314,1
AUTH031,ART00316,1
AUTH031,ART00335,1
AUTH031,ART00354,1
AUTH031,ART00406,1
AUTH031,ART00513,1
AUTH031,ART00574,1
AUTH031,ART00600,1
AUTH031,ART00745,1
AUTH031,ART00763,0.5
AUTH031,ART00827,1
AUTH031,ART00833,1
AUTH031,ART00844,1
AUTH032,ART00107,1
AUTH032,ART00112,1
AUTH032,ART00143,1
AUTH032,ART00160,1
AUTH032,ART00163,1
AUTH032,ART00170,1
AUTH032,ART00242,1
AUTH032,ART00248,1
AUTH032,ART00258,1
AUTH032,ART00283,1
AUTH032,ART00361,1
AUTH032,ART00366,1
AUTH032,ART00368,1
AUTH032,ART00375,1
AUTH032,ART00394,1
AUTH032,ART00443,1
AUTH032,ART00484,1
AUTH032,ART00546,1
AUTH032,ART00561,1
AUTH032,ART00582,1
AUTH032,ART00597,1
AUTH032,ART00602,1
AUTH032,ART00605,1
AUTH032,ART00628,1
AUTH032,ART00663,1
AUTH032,ART00664,1
AUTH032,ART00685,1
AUTH032,ART00695,1
AUTH032,ART00697,1
AUTH032,ART00705,1
AUTH032,ART00709,1
AUTH032,ART00783,1
AUTH032,ART00798,1
AUTH032,ART00799,1
AUTH032,ART00806,1
AUTH032,ART00810,1
AUTH032,ART00847,0.333333333333333
AUTH035,ART00151,1
AUTH035,ART00414,0.5
AUTH035,ART00418,0.5
AUTH035,ART00447,0.5
AUTH035,ART00529,0.5
AUTH035,ART00756,0.5
AUTH035,ART00789,0.5
AUTH035,ART00820,0.5
AUTH035,ART00861,1
AUTH037,ART00334,1
AUTH037,ART00372,0.333333333333333
AUTH037,ART00734,1
AUTH037,ART00756,0.5
AUTH037,ART00789,0.5
AUTH037,ART00820,0.5
AUTH037,ART00836,1
AUTH037,ART00842,1
AUTH038,ART00362,1
AUTH038,ART00387,1
AUTH038,ART00393,0.333333333333333
AUTH038,ART00474,1
AUTH038,ART00475,0.5
AUTH038,ART00485,0.333333333333333
AUTH038,ART00526,1
AUTH038,ART00527,1
AUTH038,ART00552,1
AUTH038,ART00569,0.333333333333333
AUTH038,ART00604,0.5
AUTH038,ART00612,0.5
AUTH038,ART00614,1
AUTH038,ART00617,0.5
AUTH038,ART00629,0.5
AUTH038,ART00642,1
AUTH038,ART00683,0.5
AUTH038,ART00704,0.5
AUTH038,ART00721,0.5
AUTH040,ART00023,1
AUTH040,ART00047,1
AUTH040,ART00081,1
AUTH040,ART00104,1
AUTH040,ART00123,1
AUTH040,ART00128,1
AUTH040,ART00130,1
AUTH040,ART00148,1
AUTH040,ART00150,1
AUTH040,ART00196,1
AUTH040,ART00297,1
AUTH040,ART00481,1
AUTH040,ART00525,1
AUTH040,ART00736,1
AUTH040,ART00753,0.5
AUTH040,ART00771,1
AUTH042,ART00178,1
AUTH042,ART00226,1
AUTH042,ART00313,1
AUTH042,ART00560,1
AUTH042,ART00587,1
AUTH042,ART00625,1
AUTH047,ART00247,1
AUTH047,ART00345,1
AUTH047,ART00373,1
AUTH047,ART00579,1
AUTH050,ART00590,1
AUTH050,ART00862,1
AUTH051,ART00259,0.5
AUTH051,ART00563,0.5
AUTH051,ART00683,0.5
AUTH051,ART00722,0.5
AUTH051,ART00766,1
AUTH051,ART00767,1
